id,first_name,last_name,email,gender,ip_address
1,Nerti,Axtens,naxtens0@businessinsider.com,Female,248.245.46.102
2,Ely,Enrique,eenrique1@oakley.com,Male,67.224.231.119
3,Rodrique,Ahmed,rahmed2@fc2.com,Male,71.166.238.144
4,Jeanine,Radden,jradden3@flavors.me,Female,92.37.220.250
5,Tiebold,Ashingden,tashingden4@icio.us,Male,168.73.104.165
6,Celestia,Castiblanco,ccastiblanco5@nih.gov,Female,71.114.19.89
7,Noami,Cestard,ncestard6@hhs.gov,Female,135.138.111.77
8,Marwin,Lowton,mlowton7@myspace.com,Male,180.134.13.132
9,Alexander,Betchley,abetchley8@springer.com,Male,50.230.147.210
10,Kev,Gaitley,kgaitley9@google.com.br,Male,187.119.66.142
11,Heall,O'Halloran,hohallorana@nature.com,Male,218.9.94.198
12,Hartley,Cleve,hcleveb@elpais.com,Male,165.216.153.56
13,Raquela,Leatt,rleattc@quantcast.com,Genderqueer,13.190.235.93
14,Willow,Graith,wgraithd@constantcontact.com,Female,175.78.121.137
15,Chryste,Kilalea,ckilaleae@omniture.com,Non-binary,136.131.123.236
16,Annelise,Gedney,agedneyf@mac.com,Female,123.37.146.20
17,Valeria,Anthonsen,vanthonseng@quantcast.com,Female,155.132.171.32
18,Wilona,Jocelyn,wjocelynh@alexa.com,Female,155.249.200.207
19,Odo,Vennard,ovennardi@java.com,Male,56.15.207.151
20,Jillian,Lynch,jlynchj@epa.gov,Female,137.175.208.253
21,Kirbie,Gooden,kgoodenk@sciencedirect.com,Female,100.98.221.240
22,Alexine,MacGibbon,amacgibbonl@reuters.com,Female,25.2.31.109
23,Lyndell,Vasilischev,lvasilischevm@domainmarket.com,Female,224.11.168.140
24,Claudell,Doel,cdoeln@comsenz.com,Male,47.72.154.216
25,Noah,Talloe,ntalloeo@artisteer.com,Male,200.103.31.213
26,Sully,Brunnen,sbrunnenp@so-net.ne.jp,Male,235.200.78.35
27,Antoni,Battell,abattellq@msn.com,Male,46.26.175.52
28,Abba,Klausen,aklausenr@theglobeandmail.com,Male,57.231.226.62
29,Vaclav,Hapgood,vhapgoods@psu.edu,Male,127.235.226.196
30,Gilda,Gradwell,ggradwellt@diigo.com,Female,87.23.135.55
31,Fanni,Dagger,fdaggeru@latimes.com,Female,36.65.70.48
32,Ogden,Scroggs,oscroggsv@craigslist.org,Male,247.102.104.142
33,Ollie,Farrears,ofarrearsw@woothemes.com,Female,226.152.79.152
34,Isaac,Ling,ilingx@behance.net,Male,112.177.20.147
35,Larina,Lodford,llodfordy@indiegogo.com,Female,229.199.8.140
36,Dre,MacShirrie,dmacshirriez@posterous.com,Female,232.33.7.150
37,Fenelia,Goley,fgoley10@chronoengine.com,Female,26.102.203.44
38,Elmira,Roblou,eroblou11@ca.gov,Bigender,49.15.69.205
39,Raynor,Brannigan,rbrannigan12@berkeley.edu,Male,88.55.27.104
40,Vivianna,Pigney,vpigney13@imageshack.us,Female,54.89.33.66
41,Gerome,Liver,gliver14@t-online.de,Male,127.26.66.165
42,Tuckie,Eneas,teneas15@shutterfly.com,Male,14.4.84.9
43,Euphemia,McGlade,emcglade16@51.la,Female,70.11.242.83
44,Hadrian,Pickard,hpickard17@state.tx.us,Male,64.72.44.90
45,Erwin,Ferson,eferson18@theatlantic.com,Male,252.178.206.72
46,Arlen,Pardew,apardew19@tinyurl.com,Female,201.128.248.218
47,Marjie,Camis,mcamis1a@cdbaby.com,Non-binary,82.6.150.20
48,Tedra,Alu,talu1b@marketwatch.com,Female,91.121.0.226
49,Dunc,Gambrell,dgambrell1c@statcounter.com,Polygender,226.113.219.128
50,Tiffi,Hathorn,thathorn1d@jugem.jp,Female,195.216.173.207
51,Iggie,Kordovani,ikordovani1e@google.co.jp,Male,19.202.216.86
52,Tristan,MacCartan,tmaccartan1f@vimeo.com,Genderqueer,76.214.209.75
53,Naomi,Lippett,nlippett1g@shutterfly.com,Female,76.51.248.159
54,Ladonna,von Hagt,lvonhagt1h@smh.com.au,Female,73.124.104.200
55,Shayne,Chinnock,schinnock1i@spiegel.de,Male,68.194.47.9
56,Berk,Pickering,bpickering1j@feedburner.com,Male,123.38.28.155
57,Geoff,Besemer,gbesemer1k@indiatimes.com,Male,196.25.212.250
58,Hoyt,Pretious,hpretious1l@go.com,Male,8.25.62.151
59,Lanna,Boyton,lboyton1m@reverbnation.com,Female,204.18.99.189
60,Bertrand,Bellino,bbellino1n@addthis.com,Male,13.133.124.166
61,Milicent,Johannes,mjohannes1o@google.de,Female,186.117.31.185
62,Nyssa,Vasyagin,nvasyagin1p@creativecommons.org,Female,4.177.17.42
63,Melisent,Sparshett,msparshett1q@theglobeandmail.com,Female,196.180.76.175
64,Abie,Buxy,abuxy1r@mac.com,Male,202.198.180.251
65,Zacherie,Habishaw,zhabishaw1s@mediafire.com,Male,30.124.153.147
66,Cyndy,Burch,cburch1t@hubpages.com,Female,190.88.152.33
67,Doralia,Cattlemull,dcattlemull1u@symantec.com,Agender,140.175.106.182
68,Emanuele,Iban,eiban1v@apache.org,Male,23.240.54.169
69,Ringo,Wynrahame,rwynrahame1w@slate.com,Male,203.249.79.203
70,Currie,McCauley,cmccauley1x@ezinearticles.com,Male,15.197.60.158
71,Base,Kenealy,bkenealy1y@forbes.com,Male,215.152.234.86
72,Cheryl,Greenard,cgreenard1z@tripadvisor.com,Female,172.86.109.80
73,Lily,McCluskey,lmccluskey20@salon.com,Genderfluid,107.161.164.163
74,Thorpe,Hewlings,thewlings21@clickbank.net,Male,57.162.170.43
75,Lincoln,D'Aulby,ldaulby22@woothemes.com,Male,200.108.233.49
76,Tirrell,Bowles,tbowles23@ft.com,Male,69.121.100.133
77,Ula,Lockney,ulockney24@icq.com,Female,20.214.53.138
78,Jerry,Dodd,jdodd25@nytimes.com,Female,150.207.142.22
79,Harrie,London,hlondon26@symantec.com,Female,14.0.159.148
80,Mitchel,Bimrose,mbimrose27@umich.edu,Non-binary,162.10.204.119
81,Waverley,Brownell,wbrownell28@sohu.com,Male,175.6.80.83
82,Rosco,Skews,rskews29@earthlink.net,Male,221.81.149.249
83,Moira,Rozenzweig,mrozenzweig2a@fema.gov,Female,233.216.45.43
84,Meier,Plom,mplom2b@shareasale.com,Male,24.69.9.238
85,Trixy,Hugh,thugh2c@sphinn.com,Female,169.100.80.110
86,Astrid,Morecomb,amorecomb2d@chicagotribune.com,Female,27.16.235.216
87,Orland,Pykerman,opykerman2e@howstuffworks.com,Male,84.108.243.27
88,Loraine,Pittle,lpittle2f@reuters.com,Female,229.71.154.57
89,Daniela,Antoniades,dantoniades2g@mapquest.com,Female,248.163.46.248
90,Leontyne,Huggett,lhuggett2h@opensource.org,Female,139.185.191.15
91,Casey,Hackley,chackley2i@whitehouse.gov,Male,174.21.77.247
92,Modestia,Spatari,mspatari2j@cnet.com,Female,231.239.32.244
93,Angele,Betton,abetton2k@utexas.edu,Female,117.56.63.136
94,Caril,Inch,cinch2l@addtoany.com,Female,102.209.74.138
95,Tudor,Okill,tokill2m@ucoz.ru,Male,106.103.171.26
96,Georgie,Courtenay,gcourtenay2n@weibo.com,Female,165.17.186.244
97,Trixi,Giannoni,tgiannoni2o@trellian.com,Female,213.131.183.80
98,Miranda,Iskowitz,miskowitz2p@bloglines.com,Female,123.2.33.135
99,Bartholomew,Spray,bspray2q@github.com,Male,22.159.94.169
100,Giacobo,Ortega,gortega2r@theatlantic.com,Male,181.190.182.246
